class,split,mean_intensity,std_intensity,dynamic_range,underexposed,overexposed,low_dynamic_range
tuberculosis,train,132.54196166992188,57.54922217636808,230,False,False,False
tuberculosis,train,151.12848045023696,39.07446483717751,234,False,False,False
tuberculosis,train,149.36573791503906,53.30902662553386,249,False,False,False
tuberculosis,train,124.41505813598633,66.80150096484803,255,False,False,False
tuberculosis,train,122.0408935546875,52.25108991959445,255,False,False,False
tuberculosis,train,146.51828002929688,42.9460853045882,201,False,False,False
tuberculosis,train,142.0711270734597,42.761353310790184,191,False,False,False
tuberculosis,train,139.12015964673913,59.41156152216239,238,False,False,False
tuberculosis,train,122.37232971191406,57.542647530603176,255,False,False,False
tuberculosis,train,142.2837257385254,80.10985771629281,253,False,False,False
tuberculosis,train,104.77690887451172,67.51132658651666,246,False,False,False
tuberculosis,train,82.77328205108643,58.185062272282664,255,False,False,False
tuberculosis,train,164.5110321044922,38.75741605095685,205,False,False,False
tuberculosis,train,94.9683837890625,58.99334827895664,255,False,False,False
tuberculosis,train,118.08150863647461,73.85912753811505,252,False,False,False
tuberculosis,train,186.37164914099526,30.655673095544305,188,False,False,False
tuberculosis,train,141.45562744140625,65.92571157819738,248,False,False,False
tuberculosis,train,111.77064453125,50.03755458378441,255,False,False,False
tuberculosis,train,149.7157440185547,59.303600367348494,245,False,False,False
tuberculosis,train,154.61123091063348,68.03347821228822,246,False,False,False
tuberculosis,train,159.0993537902832,50.13668083373996,255,False,False,False
tuberculosis,train,110.626953125,62.93640350932227,253,False,False,False
tuberculosis,train,155.17009774881515,39.80407417095088,198,False,False,False
tuberculosis,train,142.03326416015625,54.473892746046324,199,False,False,False
tuberculosis,train,207.7089751184834,18.466750278094523,148,False,True,False
tuberculosis,train,125.02824401855469,28.10813153004619,186,False,False,False
tuberculosis,train,131.25250244140625,92.32308005412919,255,False,False,False
tuberculosis,train,138.3845977783203,74.85914846131114,255,False,False,False
tuberculosis,train,147.087158203125,63.086208899419084,251,False,False,False
tuberculosis,train,91.11664146505376,58.191414496002004,239,False,False,False
tuberculosis,train,158.43223571777344,40.30485995667339,219,False,False,False
tuberculosis,train,129.35296249389648,60.317273533194005,250,False,False,False
tuberculosis,train,140.57261657714844,68.91664378474496,252,False,False,False
tuberculosis,train,110.48370361328125,64.36624644144618,255,False,False,False
tuberculosis,train,118.02970886230469,61.54747275509979,255,False,False,False
tuberculosis,train,154.5727996826172,41.226446776665796,225,False,False,False
tuberculosis,train,161.79627990722656,63.11502995178114,255,False,False,False
tuberculosis,train,144.9869499206543,47.18671487746438,243,False,False,False
tuberculosis,train,80.48867607116699,57.729303982624934,255,False,False,False
tuberculosis,train,154.3910369873047,55.02193885827701,255,False,False,False
tuberculosis,train,158.4437255859375,41.067833301347605,220,False,False,False
tuberculosis,train,160.45255109597156,45.31588306304944,223,False,False,False
tuberculosis,train,162.34433364868164,53.73483558266873,251,False,False,False
tuberculosis,train,181.32204055786133,25.62185351999802,214,False,False,False
tuberculosis,train,82.23661191239316,53.04023438914133,237,False,False,False
tuberculosis,train,148.47702026367188,42.75102998128835,196,False,False,False
tuberculosis,train,76.0710556402439,61.21426658521281,205,False,False,False
tuberculosis,train,132.954833984375,60.412457181744486,241,False,False,False
tuberculosis,train,167.8436759478673,29.611758268952496,196,False,False,False
tuberculosis,train,85.54233530405405,54.503449385192056,186,False,False,False
tuberculosis,train,133.93702697753906,44.87076799170083,255,False,False,False
tuberculosis,train,69.64471054077148,53.40235476519083,255,True,False,False
tuberculosis,train,128.47978035348362,57.48689328282914,200,False,False,False
tuberculosis,train,130.7119186907583,40.60254259127241,255,False,False,False
tuberculosis,train,109.3996810913086,59.69217868265644,255,False,False,False
tuberculosis,train,125.81639099121094,56.66829249267709,226,False,False,False
tuberculosis,train,120.84980773925781,55.47072656271202,255,False,False,False
tuberculosis,train,168.4993667602539,58.738415225847106,252,False,False,False
tuberculosis,train,156.86724853515625,71.33137432938261,254,False,False,False
tuberculosis,train,126.389569757109,45.46096333090898,192,False,False,False
tuberculosis,train,161.20021057128906,39.11196205148986,196,False,False,False
tuberculosis,train,120.6257438659668,68.72727793640276,250,False,False,False
tuberculosis,train,163.5066091528436,35.519989397256076,210,False,False,False
tuberculosis,train,116.68185221354166,72.32610927886459,227,False,False,False
tuberculosis,train,144.28506469726562,76.96017341821504,255,False,False,False
tuberculosis,train,134.8019256591797,49.92818692323256,205,False,False,False
tuberculosis,train,134.97840881347656,44.8913987055601,255,False,False,False
tuberculosis,train,147.93990669431278,32.42673366912924,198,False,False,False
tuberculosis,train,146.23979931872037,39.47699000580284,207,False,False,False
tuberculosis,train,118.81498718261719,55.82631857881252,253,False,False,False
tuberculosis,train,156.75042579976304,30.685469755226297,232,False,False,False
tuberculosis,train,130.17372630331752,40.61294383455233,199,False,False,False
tuberculosis,train,149.79302428909952,40.069212191116364,219,False,False,False
tuberculosis,train,187.68019104003906,51.30226025634536,251,False,False,False
tuberculosis,train,132.04281616210938,89.0916529741529,255,False,False,False
tuberculosis,train,121.65476989746094,63.530514832114555,234,False,False,False
tuberculosis,train,156.4586789099526,32.46606463213318,230,False,False,False
tuberculosis,train,152.00749969482422,65.57239222213181,252,False,False,False
tuberculosis,train,160.18626403808594,71.73910038529829,255,False,False,False
tuberculosis,train,135.94497926540285,39.581672044246574,255,False,False,False
tuberculosis,train,138.6623649597168,65.77619357967806,247,False,False,False
tuberculosis,train,95.52091471354167,53.62551568999095,178,False,False,False
tuberculosis,train,117.35530090332031,50.40719875188218,255,False,False,False
tuberculosis,train,155.3486328125,52.2655135400151,255,False,False,False
tuberculosis,train,125.05062624007937,68.30928577648386,249,False,False,False
tuberculosis,train,76.32832429846938,46.37556279945569,210,False,False,False
tuberculosis,train,145.86798095703125,47.08820487401755,219,False,False,False
tuberculosis,train,129.29931640625,54.252570533061466,227,False,False,False
tuberculosis,train,155.41567611694336,57.96748137683037,248,False,False,False
tuberculosis,train,117.05353546142578,72.36723965122658,251,False,False,False
tuberculosis,train,130.25305938720703,50.72476713584409,255,False,False,False
tuberculosis,train,116.60061833530806,37.733747977591385,255,False,False,False
tuberculosis,train,160.47344207763672,31.654394977215045,223,False,False,False
tuberculosis,train,131.83587646484375,43.21190622770992,196,False,False,False
tuberculosis,train,139.35623168945312,44.36878660130014,255,False,False,False
tuberculosis,train,161.546875,57.04484935247427,255,False,False,False
tuberculosis,train,116.87671661376953,68.34094209426141,255,False,False,False
tuberculosis,train,138.5456771850586,65.00528968595044,254,False,False,False
tuberculosis,train,123.19658279418945,63.921257886948716,249,False,False,False
tuberculosis,train,117.05487034574467,75.03255320487213,255,False,False,False
tuberculosis,train,168.39361953735352,53.16680976869282,253,False,False,False
tuberculosis,train,167.53227615356445,60.757884606090755,254,False,False,False
tuberculosis,train,123.84042358398438,54.18777696653077,216,False,False,False
tuberculosis,train,167.06166076660156,39.5823706464362,255,False,False,False
tuberculosis,train,76.03173204787234,44.58302387319866,233,False,False,False
tuberculosis,train,132.8443145751953,56.27708095688684,211,False,False,False
tuberculosis,train,110.63704570484582,36.11245946951465,242,False,False,False
tuberculosis,train,136.07643127441406,55.238297983772824,212,False,False,False
tuberculosis,train,113.933837890625,51.22127366662031,255,False,False,False
tuberculosis,train,147.67405700683594,65.49467755676652,249,False,False,False
tuberculosis,train,131.98785545023696,45.22547514963122,236,False,False,False
tuberculosis,train,154.52900992298578,31.00961410140744,209,False,False,False
tuberculosis,train,171.63621889810426,27.416362102588216,242,False,False,False
tuberculosis,train,162.4669647216797,58.03931600326987,255,False,False,False
tuberculosis,train,166.38239669799805,57.403693324497404,255,False,False,False
tuberculosis,train,107.11586380004883,69.83876913159281,251,False,False,False
tuberculosis,train,111.68303835900474,48.87411748374167,187,False,False,False
tuberculosis,train,136.2305145263672,58.19336938704108,223,False,False,False
tuberculosis,train,132.46701049804688,54.48946610261773,255,False,False,False
tuberculosis,train,83.4936389048165,42.35116184873615,160,False,False,False
tuberculosis,train,123.9747428894043,68.2954701791896,255,False,False,False
tuberculosis,train,161.7333984375,65.34467400764554,255,False,False,False
tuberculosis,train,165.38961029052734,58.41127013135092,254,False,False,False
tuberculosis,train,131.07215881347656,50.63253008730811,209,False,False,False
tuberculosis,train,104.13501358032227,64.00147151639209,251,False,False,False
tuberculosis,train,155.50001525878906,38.75372572184494,206,False,False,False
tuberculosis,train,98.5251235961914,66.51252400730993,255,False,False,False
tuberculosis,train,148.41812133789062,44.72904070629936,219,False,False,False
tuberculosis,train,114.44709777832031,68.90173458889022,250,False,False,False
tuberculosis,train,119.1393051147461,43.13705942932398,255,False,False,False
tuberculosis,train,103.78264999389648,65.28674997519202,255,False,False,False
tuberculosis,train,138.49927139282227,65.3014439871772,252,False,False,False
tuberculosis,train,111.36285400390625,70.03537263397448,247,False,False,False
tuberculosis,train,164.36993789672852,62.591687310868664,253,False,False,False
tuberculosis,train,126.53132629394531,68.4314999183699,253,False,False,False
tuberculosis,train,142.75342261904763,53.47105034402094,255,False,False,False
tuberculosis,train,102.66458650914635,55.45290904584593,220,False,False,False
tuberculosis,train,133.3234100341797,65.57011159337584,255,False,False,False
tuberculosis,train,111.56870651245117,67.39820081666748,253,False,False,False
tuberculosis,train,154.05146408081055,58.235572197052065,255,False,False,False
tuberculosis,train,115.05975341796875,68.69020970817931,251,False,False,False
tuberculosis,train,130.17311096191406,50.92074636053758,237,False,False,False
tuberculosis,train,136.6839141845703,45.93096674456452,255,False,False,False
tuberculosis,train,154.18322348933648,37.51914786548656,233,False,False,False
tuberculosis,train,144.20840454101562,45.463168755589805,216,False,False,False
tuberculosis,train,131.89331436157227,46.50144584306073,219,False,False,False
tuberculosis,train,120.89412434895833,70.5707483075814,243,False,False,False
tuberculosis,train,111.26131439208984,43.67292236563739,214,False,False,False
tuberculosis,train,107.81507873535156,38.1639613330274,209,False,False,False
tuberculosis,train,164.14086532592773,62.169174093979876,255,False,False,False
tuberculosis,train,141.73480224609375,60.54065251077676,225,False,False,False
tuberculosis,train,108.18203735351562,83.0723842868561,255,False,False,False
tuberculosis,train,97.28841400146484,67.36143230133612,255,False,False,False
tuberculosis,train,140.08295822143555,47.82638658935549,218,False,False,False
tuberculosis,train,127.03170776367188,63.97609152196471,251,False,False,False
tuberculosis,train,86.44696044921875,56.94369531881394,189,False,False,False
tuberculosis,train,134.33469893292684,55.69735679647765,238,False,False,False
tuberculosis,train,119.58340454101562,39.63755587104968,203,False,False,False
tuberculosis,train,117.96080780029297,44.7716585455327,255,False,False,False
tuberculosis,train,131.0865478515625,51.39934697617093,224,False,False,False
tuberculosis,train,152.55419921875,65.82370603784031,255,False,False,False
tuberculosis,train,166.32013320922852,51.481055139909834,251,False,False,False
tuberculosis,train,126.55775451660156,68.16897562423833,255,False,False,False
tuberculosis,train,145.31598281860352,57.887331386517026,203,False,False,False
tuberculosis,train,160.13787078857422,56.49425906406257,247,False,False,False
tuberculosis,train,113.99198913574219,63.472663918055105,234,False,False,False
tuberculosis,train,136.66748046875,66.9103365491551,255,False,False,False
tuberculosis,train,155.66455078125,74.48428050716001,255,False,False,False
tuberculosis,train,118.45799255371094,42.10047952437789,186,False,False,False
tuberculosis,train,82.16948318481445,53.22321842562835,184,False,False,False
tuberculosis,train,112.62459309895833,39.314954783053565,183,False,False,False
tuberculosis,train,112.22207515495867,72.63357230621612,255,False,False,False
tuberculosis,train,124.85715103149414,65.86183233915436,254,False,False,False
tuberculosis,train,162.2210826421801,29.88713026079938,203,False,False,False
tuberculosis,train,77.58521792763158,69.60004421583078,222,False,False,False
tuberculosis,train,84.3089599609375,58.070957080056026,192,False,False,False
tuberculosis,train,123.19819641113281,73.36231124594342,253,False,False,False
tuberculosis,train,120.47154235839844,59.08042868778261,237,False,False,False
tuberculosis,train,95.17477416992188,27.642664206068307,169,False,False,False
tuberculosis,train,149.11273193359375,49.709453854347224,217,False,False,False
tuberculosis,train,109.1208267211914,64.23205965871415,255,False,False,False
tuberculosis,train,112.25301361083984,65.78194723581228,250,False,False,False
tuberculosis,train,122.84802627563477,67.87622627060466,252,False,False,False
tuberculosis,train,117.00047302246094,52.09711879522278,249,False,False,False
tuberculosis,train,150.3492660522461,73.50321563897508,249,False,False,False
tuberculosis,train,90.14339256286621,59.95428047155178,255,False,False,False
tuberculosis,train,117.06897354125977,63.36298552592641,255,False,False,False
tuberculosis,train,148.44662475585938,64.92126147769156,255,False,False,False
tuberculosis,train,156.24492645263672,31.27848239676928,205,False,False,False
tuberculosis,train,129.5701141357422,53.46510586303434,224,False,False,False
tuberculosis,train,164.6965898992891,46.16861763863721,239,False,False,False
tuberculosis,train,128.0834503173828,53.00630619897937,223,False,False,False
tuberculosis,train,148.0687255859375,48.915597034475105,218,False,False,False
tuberculosis,train,125.5797348022461,43.57941910043467,255,False,False,False
tuberculosis,train,121.28858116113744,38.2893990617585,255,False,False,False
tuberculosis,train,160.17437425947867,27.956218339127652,226,False,False,False
tuberculosis,train,164.09538650512695,60.95228173146046,255,False,False,False
tuberculosis,train,125.92130661010742,64.80148311948884,250,False,False,False
tuberculosis,train,109.84646606445312,70.75252074387782,255,False,False,False
tuberculosis,train,138.36461418838863,43.302277445847814,216,False,False,False
normal,train,107.87688064575195,68.96201603948597,255,False,False,False
normal,train,164.9468650817871,66.22097646065693,253,False,False,False
normal,train,108.69013021131717,57.721390794347485,255,False,False,False
normal,train,104.16524124145508,63.997268178725335,255,False,False,False
normal,train,172.8979377746582,47.03676207727338,249,False,False,False
normal,train,164.55205535888672,54.350965345404894,250,False,False,False
normal,train,175.9740114212036,70.0680403737379,255,False,False,False
normal,train,113.56486797332764,67.45189476876216,255,False,False,False
normal,train,113.60685729980469,70.57180686138456,251,False,False,False
normal,train,161.566876411438,43.258311959050936,255,False,False,False
normal,train,120.33075714111328,59.10403145955609,255,False,False,False
normal,train,139.3879809781987,57.20153586778486,255,False,False,False
normal,train,117.44329833984375,78.93072552426958,255,False,False,False
normal,train,118.89079207292761,65.3764772839833,255,False,False,False
normal,train,120.09505558013916,62.92346865765198,255,False,False,False
normal,train,142.2681007385254,67.0807049080621,253,False,False,False
normal,train,142.9316749572754,61.10417027047879,254,False,False,False
normal,train,116.8591833114624,69.27594370555552,255,False,False,False
normal,train,116.42093563079834,67.9509450820681,255,False,False,False
normal,train,120.00278849902534,65.69254176013082,255,False,False,False
normal,train,97.46492004394531,64.07591112852313,246,False,False,False
normal,train,140.34590530395508,61.93224469766494,252,False,False,False
normal,train,98.51899147033691,66.58063537121936,255,False,False,False
normal,train,136.66860580444336,67.15323503395119,251,False,False,False
normal,train,124.83203025009634,65.98086114320559,255,False,False,False
normal,train,125.34426879882812,47.499330954786686,255,False,False,False
normal,train,111.06048202514648,70.0057264453675,252,False,False,False
normal,train,93.82024002075195,44.568183404693386,255,False,False,False
normal,train,112.54984760284424,69.31748342195722,255,False,False,False
normal,train,124.24760055541992,64.60595989284309,255,False,False,False
normal,train,132.6277847290039,68.65060534858802,254,False,False,False
normal,train,99.79833221435547,74.23829555109856,255,False,False,False
normal,train,160.43993759155273,54.10291986315408,255,False,False,False
normal,train,119.27122497558594,45.85484665010462,255,False,False,False
normal,train,147.26519393920898,44.23659751997861,235,False,False,False
normal,train,148.9794807434082,61.530277788979355,253,False,False,False
normal,train,160.90937614440918,59.41258679025857,254,False,False,False
normal,train,94.09440952100697,67.89910711421518,255,False,False,False
normal,train,133.99596405029297,70.77142161273983,255,False,False,False
normal,train,109.2957649230957,68.89117323328978,254,False,False,False
normal,train,139.6249237060547,45.09973066797101,255,False,False,False
normal,train,170.85497856140137,55.636240761380925,255,False,False,False
normal,train,110.29389476776123,60.76627883034033,255,False,False,False
normal,train,125.78247950962978,62.7149292162982,255,False,False,False
normal,train,108.29139041900635,71.00555864330738,254,False,False,False
normal,train,135.41703093977273,58.7595944583504,255,False,False,False
normal,train,113.26152420043945,69.26102875251429,254,False,False,False
normal,train,186.1541519165039,46.710089909929195,252,False,False,False
normal,train,119.62244143158236,66.81544595876255,255,False,False,False
normal,train,117.4922981262207,64.64090084379208,255,False,False,False
normal,train,140.22772189328307,68.903514365132,255,False,False,False
normal,train,114.75333404541016,76.51031743918358,252,False,False,False
normal,train,138.12005615234375,63.04217448523975,255,False,False,False
normal,train,47.229594230651855,64.88974495083363,255,True,False,False
normal,train,116.40736770629883,68.8403869336643,244,False,False,False
normal,train,117.79405212402344,65.37740528024914,250,False,False,False
normal,train,109.8410873413086,70.80280270596089,255,False,False,False
normal,train,108.98437976837158,66.04293683103674,255,False,False,False
normal,train,99.37064266204834,56.16270262671953,255,False,False,False
normal,train,120.00274658203125,47.82140432072533,255,False,False,False
normal,train,116.29169464111328,77.06747851790617,255,False,False,False
normal,train,135.6764030456543,74.52378226482033,252,False,False,False
normal,train,167.4705104827881,53.38071062798025,255,False,False,False
normal,train,121.71869468688965,66.74677734147677,255,False,False,False
normal,train,111.97732448577881,71.9583986408316,255,False,False,False
normal,train,105.01783752441406,46.65956738979583,252,False,False,False
normal,train,177.08989334106445,40.14800055590185,253,False,False,False
normal,train,132.6468629837036,73.25298697426499,255,False,False,False
normal,train,128.5603093806715,71.83286358222666,255,False,False,False
normal,train,129.28076171875,52.831738819716186,255,False,False,False
normal,train,132.81369018554688,40.64755930822339,227,False,False,False
normal,train,108.32329940795898,60.969488519412245,255,False,False,False
normal,train,163.22902297973633,61.71335688794053,251,False,False,False
normal,train,118.2404547241656,68.1492687535756,255,False,False,False
normal,train,114.44709777832031,68.90173458889022,250,False,False,False
normal,train,114.74498176574707,76.5561928317405,255,False,False,False
normal,train,125.00961017608643,61.34940413640549,255,False,False,False
normal,train,120.50948333740234,72.68650706784936,255,False,False,False
normal,train,146.7512559890747,42.167396059893285,255,False,False,False
normal,train,115.85291481018066,53.61630213209168,255,False,False,False
normal,train,142.77196502685547,59.26923449362823,255,False,False,False
normal,train,114.49480276599088,66.24818700946537,255,False,False,False
normal,train,108.87277603149414,63.58036584484957,255,False,False,False
normal,train,163.54953289031982,59.31212479428438,255,False,False,False
normal,train,124.83028411865234,47.388036271572474,245,False,False,False
normal,train,159.56904983520508,64.26104528962306,251,False,False,False
normal,train,121.64218521118164,42.466160298195526,255,False,False,False
normal,train,108.93450164794922,68.20575930178956,255,False,False,False
normal,train,175.76253509521484,44.18764347165038,255,False,False,False
normal,train,154.69097518920898,55.83940589062377,247,False,False,False
normal,train,125.60000809454428,62.44215677870385,255,False,False,False
normal,train,133.6076774597168,58.69596542024395,252,False,False,False
normal,train,125.96236419677734,63.246411751303775,253,False,False,False
normal,train,102.49153063997088,60.97510988467034,255,False,False,False
normal,train,118.86322893207539,55.855012357904315,255,False,False,False
normal,train,95.72544002532959,69.08197587835244,255,False,False,False
normal,train,131.08385388261635,60.555184864929814,255,False,False,False
normal,train,109.01027011871338,34.71188495931932,255,False,False,False
normal,train,175.98957061767578,69.95685505209089,253,False,False,False
normal,train,147.67405700683594,65.49467755676652,249,False,False,False
normal,train,128.05581188201904,72.47424838205812,255,False,False,False
normal,train,125.64065170288086,60.87570400045772,255,False,False,False
normal,train,117.06237030029297,68.17880913208856,251,False,False,False
normal,train,103.99642181396484,68.27138406860786,255,False,False,False
normal,train,134.63608932495117,62.66739664640085,249,False,False,False
normal,train,158.13839626312256,48.791367034094385,255,False,False,False
normal,train,130.27715492248535,69.44278333525693,255,False,False,False
normal,train,172.3866024017334,47.91348606456579,255,False,False,False
normal,train,167.85398483276367,51.35560594460823,243,False,False,False
normal,train,124.17287826538086,55.299497029184614,253,False,False,False
normal,train,148.14944076538086,77.47493103797339,255,False,False,False
normal,train,111.23163890838623,68.22937218395482,255,False,False,False
normal,train,132.30773735046387,54.69116177285687,255,False,False,False
normal,train,130.22690817863435,62.28300803026028,255,False,False,False
normal,train,140.1611843109131,67.09448244342605,255,False,False,False
normal,train,136.33030796051025,64.77550842078979,255,False,False,False
normal,train,135.05599987294013,55.153654451085075,255,False,False,False
normal,train,124.41279270266774,67.17749223214597,255,False,False,False
normal,train,108.57146835327148,61.205477326081244,255,False,False,False
normal,train,115.83770751953125,52.54951987836503,255,False,False,False
normal,train,146.75299388111887,57.09349350030449,255,False,False,False
normal,train,129.8883237838745,68.31544959847938,255,False,False,False
normal,train,113.32049179077148,64.60332814439674,255,False,False,False
normal,train,133.0418243408203,54.95725189194374,251,False,False,False
normal,train,119.87853050231934,67.69390098076711,255,False,False,False
normal,train,134.6708221435547,41.831329101433525,221,False,False,False
normal,train,104.55898857116699,39.955831237738494,255,False,False,False
normal,train,128.2822904586792,74.36923230143995,255,False,False,False
normal,train,132.06203246259702,57.176801910526294,255,False,False,False
normal,train,116.06153011322021,77.40716873220417,254,False,False,False
normal,train,120.17701721191406,41.70620228833915,255,False,False,False
normal,train,99.78461074829102,83.89936166633414,249,False,False,False
normal,train,120.36283493041992,63.65215257106558,255,False,False,False
normal,train,108.45195388793945,58.71247624342882,255,False,False,False
normal,train,130.59795761108398,58.67254761970714,255,False,False,False
normal,train,115.96425383901705,62.902724128434116,255,False,False,False
normal,train,93.67419815063477,76.54853570738466,255,False,False,False
normal,train,135.0126085281372,66.25286706660488,255,False,False,False
normal,train,154.93653889065865,60.26888155833576,255,False,False,False
normal,train,166.1931381225586,44.76437349196364,252,False,False,False
normal,train,166.57439041137695,54.367587838371875,250,False,False,False
normal,train,120.83859252929688,67.8196896876028,255,False,False,False
normal,train,138.57579529111226,59.81907105415586,255,False,False,False
normal,train,168.85044860839844,53.239409275118234,255,False,False,False
normal,train,113.70382499694824,53.308679381613196,255,False,False,False
normal,train,119.96883773803711,71.44422899423482,245,False,False,False
normal,train,132.73473167419434,73.77166092802574,255,False,False,False
normal,train,106.79145812988281,60.21879597218933,255,False,False,False
normal,train,151.14266204833984,57.17962374536105,253,False,False,False
normal,train,110.35839366912842,65.21283102906793,255,False,False,False
normal,train,176.85134887695312,60.77113085812824,252,False,False,False
normal,train,73.9871473312378,82.7851644739467,255,False,False,False
normal,train,117.78071212768555,63.116576019408505,255,False,False,False
normal,train,103.74935150146484,58.64466104913953,255,False,False,False
normal,train,116.01831436157227,60.65188106732399,254,False,False,False
normal,train,157.96590042114258,65.12120446869315,253,False,False,False
normal,train,148.33056115591398,58.454263010092056,255,False,False,False
normal,train,127.36276626586914,72.588955087831,255,False,False,False
normal,train,161.39627265930176,42.91274010670883,255,False,False,False
normal,train,137.15661525726318,65.58651409373368,255,False,False,False
normal,train,165.55255126953125,58.411707690697085,255,False,False,False
normal,train,144.07620239257812,55.37839925699498,251,False,False,False
normal,train,125.26224673023223,64.53782361318704,255,False,False,False
normal,train,114.67837524414062,50.190349765826774,255,False,False,False
normal,train,113.26329040527344,58.46690054014854,255,False,False,False
normal,train,170.97947311401367,53.81128887252917,254,False,False,False
normal,train,155.01844215393066,49.43190386831423,255,False,False,False
normal,train,102.16959381103516,57.040868570259,255,False,False,False
normal,train,122.96712875366211,66.35205726879335,253,False,False,False
normal,train,121.23624801635742,68.92813237402989,251,False,False,False
normal,train,146.34813484217216,56.60431999927908,255,False,False,False
normal,train,111.31838703155518,66.32983044364958,254,False,False,False
normal,train,138.56003952026367,61.675360571429735,253,False,False,False
normal,train,89.49770545959473,67.9423844791912,255,False,False,False
normal,train,167.10578155517578,50.131734445187504,251,False,False,False
normal,train,107.00224304199219,58.16272640683785,255,False,False,False
normal,train,108.25084686279297,34.43067882917861,227,False,False,False
normal,train,167.12706661224365,48.38911956201018,255,False,False,False
normal,train,149.6469049043062,56.14239621954057,255,False,False,False
normal,train,127.99628814949658,67.02106594744505,255,False,False,False
normal,train,137.93419647216797,57.766597819529615,253,False,False,False
normal,train,99.1997299194336,73.07747840661207,255,False,False,False
normal,train,90.38751453216915,51.89054613080754,255,False,False,False
normal,train,124.52628707885742,62.00825380500983,255,False,False,False
normal,train,159.6938829421997,64.52784712941124,255,False,False,False
normal,train,123.17951965332031,43.15211107012413,255,False,False,False
normal,train,111.36890506744385,73.04265013069164,255,False,False,False
normal,train,113.06965145110526,67.03149275641381,255,False,False,False
normal,train,131.49212265014648,64.90079632913493,245,False,False,False
normal,train,109.80180740356445,48.296745382703186,238,False,False,False
normal,train,126.55653381347656,66.71690543115568,253,False,False,False
normal,train,106.87204360961914,63.99602683843937,255,False,False,False
normal,train,123.73020939975272,59.604523601724274,255,False,False,False
normal,train,178.82364654541016,51.37532749414295,254,False,False,False
normal,train,113.36359786987305,59.55605895911115,251,False,False,False
normal,train,121.79097747802734,67.54090966388775,255,False,False,False
normal,train,125.19381332397461,52.19989326752785,255,False,False,False
normal,train,120.8121566772461,52.28545903891466,255,False,False,False
normal,train,135.9989776611328,48.73924957391184,255,False,False,False
normal,train,122.72563507256125,57.483700263428894,255,False,False,False
pneumonia,train,109.52744667097608,62.474484468615444,255,False,False,False
pneumonia,train,125.28624870203718,56.47143055459479,255,False,False,False
pneumonia,train,144.85669852941177,57.53184867312497,255,False,False,False
pneumonia,train,133.07349595551062,68.60678279761548,255,False,False,False
pneumonia,train,127.74435585171568,75.05150663418335,255,False,False,False
pneumonia,train,120.53589088630244,57.77370049208868,255,False,False,False
pneumonia,train,131.78710766556452,71.14352972062196,255,False,False,False
pneumonia,train,95.72189205095054,51.668011654549574,255,False,False,False
pneumonia,train,142.32692394378228,51.02233624793297,255,False,False,False
pneumonia,train,102.43243917130782,61.602925050718845,255,False,False,False
pneumonia,train,121.71471990599507,63.844041975246874,255,False,False,False
pneumonia,train,134.97053366468123,56.37845911112714,255,False,False,False
pneumonia,train,83.77346913836716,66.31589205429981,255,False,False,False
pneumonia,train,77.68713541666666,43.86926155778149,255,False,False,False
pneumonia,train,106.37695077089192,56.07594175518166,255,False,False,False
pneumonia,train,88.16921063427512,46.18075204971658,255,False,False,False
pneumonia,train,109.36860065084434,49.270645659680156,255,False,False,False
pneumonia,train,96.08858672145328,67.80844425483122,255,False,False,False
pneumonia,train,137.06624448867353,52.94823334604655,255,False,False,False
pneumonia,train,125.57437988758554,70.20464018144544,255,False,False,False
pneumonia,train,123.577310879145,72.59052749357714,255,False,False,False
pneumonia,train,130.14464686200742,65.16171503633979,255,False,False,False
pneumonia,train,113.78704040203809,54.24111800895664,255,False,False,False
pneumonia,train,110.23400046738332,67.99228595769259,255,False,False,False
pneumonia,train,123.26229751024268,62.07312537823187,255,False,False,False
pneumonia,train,117.82775098425196,63.59240951399986,255,False,False,False
pneumonia,train,103.67579977992155,75.26489684423552,255,False,False,False
pneumonia,train,132.49908285796957,54.63075652805237,255,False,False,False
pneumonia,train,112.3493734496333,52.12275479803365,255,False,False,False
pneumonia,train,122.88010146103896,56.53357983979693,255,False,False,False
pneumonia,train,142.21927547746247,67.98161074645074,255,False,False,False
pneumonia,train,140.51607787918945,49.59686270105742,255,False,False,False
pneumonia,train,130.59436671368124,44.342171649590746,208,False,False,False
pneumonia,train,154.3528192334864,66.47570655670118,255,False,False,False
pneumonia,train,105.65905415138816,40.93106351920349,255,False,False,False
pneumonia,train,117.49198724734643,62.084721433853154,255,False,False,False
pneumonia,train,107.8700073902027,66.49653098440736,255,False,False,False
pneumonia,train,121.87258822197516,61.11401392539209,255,False,False,False
pneumonia,train,109.62145166025942,64.78037989064859,255,False,False,False
pneumonia,train,104.20122175306905,64.12244405057899,255,False,False,False
pneumonia,train,138.8403463482394,66.59981832968414,255,False,False,False
pneumonia,train,150.26806271026072,42.503565767585684,255,False,False,False
pneumonia,train,102.02855698529412,55.46729468636649,255,False,False,False
pneumonia,train,120.5489136082449,61.462106958960455,255,False,False,False
pneumonia,train,129.1283051841527,61.20415418542875,255,False,False,False
pneumonia,train,123.97605913369001,62.06496439051165,255,False,False,False
pneumonia,train,122.49150305320518,63.85943510422312,255,False,False,False
pneumonia,train,139.8048234342565,33.40795707861937,173,False,False,False
pneumonia,train,114.45347010321353,53.363525528654016,255,False,False,False
pneumonia,train,128.5603093806715,71.83286358222666,255,False,False,False
pneumonia,train,122.32294106752369,58.313169325014876,255,False,False,False
pneumonia,train,121.11753966163212,50.92632321042076,255,False,False,False
pneumonia,train,117.15632222780742,65.95538403930644,255,False,False,False
pneumonia,train,113.78158101243947,62.513405467497975,255,False,False,False
pneumonia,train,140.18277822109332,64.7414287188676,255,False,False,False
pneumonia,train,124.83032699738091,64.01642927312379,255,False,False,False
pneumonia,train,118.7697979582458,52.90654825319195,255,False,False,False
pneumonia,train,129.62876015895813,58.51424925661141,255,False,False,False
pneumonia,train,134.40586128118431,62.60345069267054,255,False,False,False
pneumonia,train,115.04799175569731,48.70846064382047,203,False,False,False
pneumonia,train,110.10502507716049,65.6900041042066,255,False,False,False
pneumonia,train,103.36415401785715,67.2461404320872,255,False,False,False
pneumonia,train,129.83826550747517,71.85842987539465,255,False,False,False
pneumonia,train,127.51077415895236,53.88296958391389,255,False,False,False
pneumonia,train,123.32716132219318,52.49601718286632,255,False,False,False
pneumonia,train,125.34333415975478,63.131815412890695,255,False,False,False
pneumonia,train,136.2458108594031,54.729380302553345,255,False,False,False
pneumonia,train,97.75744110780985,71.31734851673899,255,False,False,False
pneumonia,train,129.2244903846154,53.952055597938426,255,False,False,False
pneumonia,train,144.64611057692306,55.146882084324474,255,False,False,False
pneumonia,train,110.69096123646328,53.85118843285946,255,False,False,False
pneumonia,train,112.80946181860078,61.20862885817429,255,False,False,False
pneumonia,train,123.11679953881797,66.53911420047764,255,False,False,False
pneumonia,train,110.21263004658385,48.998855474026456,255,False,False,False
pneumonia,train,116.63394173722213,55.430814282842924,255,False,False,False
pneumonia,train,138.62128243512973,54.82503617844802,195,False,False,False
pneumonia,train,129.6146674391946,48.740481800973086,255,False,False,False
pneumonia,train,95.97299536932778,52.86377146492894,255,False,False,False
pneumonia,train,143.67315235342693,33.565708628288334,180,False,False,False
pneumonia,train,127.66884759605506,65.88349637705724,255,False,False,False
pneumonia,train,109.19209481426826,65.47749452541812,255,False,False,False
pneumonia,train,142.95281234560278,64.60217966729074,255,False,False,False
pneumonia,train,129.9112047206238,69.67592869111922,255,False,False,False
pneumonia,train,98.9062003212731,68.07348376956956,255,False,False,False
pneumonia,train,119.03622920892495,65.97647703892717,255,False,False,False
pneumonia,train,117.41742194487925,67.2929398784183,255,False,False,False
pneumonia,train,108.86160085279941,55.53165035001513,255,False,False,False
pneumonia,train,145.96501942791005,46.81632348158556,255,False,False,False
pneumonia,train,161.9288592018939,39.77284428629027,255,False,False,False
pneumonia,train,164.24816921201162,32.51262565324576,216,False,False,False
pneumonia,train,132.12555153211818,58.89256037290813,202,False,False,False
pneumonia,train,163.77929323146785,59.363287884597064,255,False,False,False
pneumonia,train,115.09231498614172,53.270302245871704,255,False,False,False
pneumonia,train,132.31362996948513,60.26083091950496,255,False,False,False
pneumonia,train,108.66958562139048,59.6169007078282,255,False,False,False
pneumonia,train,98.9995817853148,44.09526240540613,255,False,False,False
pneumonia,train,137.18880184714916,62.572234654737514,255,False,False,False
pneumonia,train,112.7732401589115,46.81554968078027,255,False,False,False
pneumonia,train,116.49898967978395,51.25777680139112,255,False,False,False
pneumonia,train,121.71105742872807,44.16376490065555,255,False,False,False
pneumonia,train,99.8329737841451,67.53114233451463,255,False,False,False
pneumonia,train,124.23164280494287,52.65782806133153,255,False,False,False
pneumonia,train,105.35683862895716,69.63492592910148,255,False,False,False
pneumonia,train,141.61533954326924,63.048117992265894,255,False,False,False
pneumonia,train,144.517950913242,71.4898047422435,255,False,False,False
pneumonia,train,104.11229258296682,45.42447224938676,255,False,False,False
pneumonia,train,110.96409835018173,63.022438915564564,255,False,False,False
pneumonia,train,118.17008071948987,62.60426707497995,255,False,False,False
pneumonia,train,142.97881624352837,54.097585203362016,255,False,False,False
pneumonia,train,131.8502063629896,53.627162093587344,255,False,False,False
pneumonia,train,95.21216994486093,56.75413343516854,255,False,False,False
pneumonia,train,80.3864751150748,31.751495151866216,255,False,False,False
pneumonia,train,130.51774532979704,56.13007477243692,255,False,False,False
pneumonia,train,97.37449132094497,57.69624787875831,255,False,False,False
pneumonia,train,151.90302783617784,65.70066146983432,255,False,False,False
pneumonia,train,128.8127192678761,41.17247505841381,202,False,False,False
pneumonia,train,117.99802139945652,53.51326863179364,255,False,False,False
pneumonia,train,146.5197922515441,48.19805889342997,255,False,False,False
pneumonia,train,122.79226563159453,55.64654467532556,255,False,False,False
pneumonia,train,160.89154747799594,53.833953235816836,255,False,False,False
pneumonia,train,118.59998747266764,60.46045489411944,255,False,False,False
pneumonia,train,140.83732483878967,45.84717403058811,255,False,False,False
pneumonia,train,105.42253031870426,69.95045803392006,255,False,False,False
pneumonia,train,146.92512771354757,55.875504844606446,255,False,False,False
pneumonia,train,122.99794602173151,57.57199188145768,255,False,False,False
pneumonia,train,138.43085347149483,66.45779295139754,255,False,False,False
pneumonia,train,125.33746419177236,54.92010847561829,255,False,False,False
pneumonia,train,105.98022913319313,69.32664388956314,255,False,False,False
pneumonia,train,137.2969953117238,72.39481531019779,255,False,False,False
pneumonia,train,125.552045412702,63.29478367653609,255,False,False,False
pneumonia,train,110.39670161290323,58.05868338620845,255,False,False,False
pneumonia,train,126.25300507431233,58.70760358673871,255,False,False,False
pneumonia,train,121.33903569981543,57.14324176820578,197,False,False,False
pneumonia,train,132.83141059027778,49.17969246951075,255,False,False,False
pneumonia,train,129.11601684902655,60.793668998763245,255,False,False,False
pneumonia,train,101.86860262450963,57.61073709434092,255,False,False,False
pneumonia,train,140.66015230429292,75.91707662698764,255,False,False,False
pneumonia,train,77.36810582666801,40.562706628163625,255,False,False,False
pneumonia,train,127.036753233101,60.059280051040375,255,False,False,False
pneumonia,train,89.2714333717358,43.18918259988392,255,False,False,False
pneumonia,train,138.12657966365316,55.685093256937925,255,False,False,False
pneumonia,train,125.95766870256168,51.20487655535747,255,False,False,False
pneumonia,train,117.47073249530075,72.45785700064695,255,False,False,False
pneumonia,train,126.75281755156075,68.61164150933324,255,False,False,False
pneumonia,train,120.5236788860321,64.9640629489003,255,False,False,False
pneumonia,train,119.16409833796212,55.68638340850071,255,False,False,False
pneumonia,train,129.06882019834197,57.80939422838282,255,False,False,False
pneumonia,train,127.44899345137036,65.65738211300584,255,False,False,False
pneumonia,train,94.00693591979305,56.51749464892439,255,False,False,False
pneumonia,train,121.60545601874041,57.52863064037435,255,False,False,False
pneumonia,train,131.4174217794796,62.05673838014985,255,False,False,False
pneumonia,train,159.16853381267003,31.95279105137936,218,False,False,False
pneumonia,train,141.84767662009415,64.99763328093336,255,False,False,False
pneumonia,train,133.421786806557,57.95895351095144,255,False,False,False
pneumonia,train,122.1510475354549,50.20592180024729,195,False,False,False
pneumonia,train,109.65395869502315,49.702232831989285,255,False,False,False
pneumonia,train,137.17796270084767,62.14108233725814,255,False,False,False
pneumonia,train,115.86755892147482,61.95098549542229,255,False,False,False
pneumonia,train,121.82442491319445,54.84815463406891,255,False,False,False
pneumonia,train,107.28775099989042,72.2138767841203,255,False,False,False
pneumonia,train,143.41812849926973,47.99274709335379,255,False,False,False
pneumonia,train,151.51314970692752,53.760325433874414,255,False,False,False
pneumonia,train,92.84123131141499,62.752217755139796,255,False,False,False
pneumonia,train,137.7294904087525,58.99755530622878,255,False,False,False
pneumonia,train,127.73709566735515,59.079689535345445,255,False,False,False
pneumonia,train,132.01645280612246,64.96228251029999,255,False,False,False
pneumonia,train,133.5151750251549,59.82577860780066,255,False,False,False
pneumonia,train,119.29462555081139,61.32631946849657,255,False,False,False
pneumonia,train,138.91835,73.12397786867251,255,False,False,False
pneumonia,train,152.26187476924866,65.50924284201346,254,False,False,False
pneumonia,train,103.62174738981254,59.238416283487645,255,False,False,False
pneumonia,train,110.74807346101619,62.586584451195975,255,False,False,False
pneumonia,train,130.81903113183992,55.1434572503033,255,False,False,False
pneumonia,train,117.696870395773,54.32037258921165,255,False,False,False
pneumonia,train,113.11535199065119,76.98778328433204,255,False,False,False
pneumonia,train,114.56915565407024,64.45446108693105,255,False,False,False
pneumonia,train,102.544656764575,49.5204850862952,255,False,False,False
pneumonia,train,138.23308910749344,65.06877683896225,255,False,False,False
pneumonia,train,128.34748995638142,49.59134472558542,255,False,False,False
pneumonia,train,131.5544621145131,74.11588754315655,255,False,False,False
pneumonia,train,122.659880729316,46.05062176600245,204,False,False,False
pneumonia,train,104.41899989105568,70.31166065084491,255,False,False,False
pneumonia,train,102.3473698339421,45.53169987470775,255,False,False,False
pneumonia,train,179.00796561535495,35.17614910723792,255,False,False,False
pneumonia,train,123.22336930028499,53.97792714548977,255,False,False,False
pneumonia,train,153.87747363523573,49.78383089940655,255,False,False,False
pneumonia,train,118.5004999829793,52.58586845008906,255,False,False,False
pneumonia,train,120.66219112881447,71.48695224172464,255,False,False,False
pneumonia,train,126.56744536668707,70.1811307541134,255,False,False,False
pneumonia,train,108.5546350216168,48.79819214153896,255,False,False,False
pneumonia,train,126.32634941149941,57.955390983215935,255,False,False,False
pneumonia,train,122.36861251357891,52.3412328460329,255,False,False,False
pneumonia,train,87.44854748113042,61.19070572838621,255,False,False,False
pneumonia,train,128.28957095286884,57.050241897759726,255,False,False,False
pneumonia,train,119.92620894160584,41.2455734717985,255,False,False,False
pneumonia,train,109.14153595660915,58.47358372858657,255,False,False,False
pneumonia,train,121.5041106716845,57.70735267710018,255,False,False,False
pneumonia,train,138.0382573917549,59.15015494897471,255,False,False,False
pneumonia,train,119.50856040511214,49.53342055211681,255,False,False,False
pneumonia,train,129.52282393292683,70.90801994724157,255,False,False,False
tuberculosis,test,145.67410714285714,39.34399263999356,242,False,False,False
tuberculosis,test,132.99383544921875,45.762625449417826,255,False,False,False
tuberculosis,test,128.3514404296875,65.9599924638816,234,False,False,False
tuberculosis,test,82.37928771972656,53.65459673514485,195,False,False,False
tuberculosis,test,111.93092830882352,60.74986756064404,248,False,False,False
tuberculosis,test,167.71230697631836,53.70149377401253,253,False,False,False
tuberculosis,test,162.04489135742188,33.73713267663152,194,False,False,False
tuberculosis,test,121.16848754882812,52.830337392047845,255,False,False,False
tuberculosis,test,88.64993286132812,57.80235127345282,198,False,False,False
tuberculosis,test,156.31109619140625,42.14851341130241,227,False,False,False
tuberculosis,test,112.02241134643555,66.86828640427318,252,False,False,False
tuberculosis,test,136.9423874407583,49.47621133993266,211,False,False,False
tuberculosis,test,153.41043090820312,51.20808806751272,228,False,False,False
tuberculosis,test,133.09296035766602,56.52347049015604,255,False,False,False
tuberculosis,test,104.81232533028455,53.10024364486627,229,False,False,False
tuberculosis,test,175.9595184326172,30.068710377843736,207,False,False,False
tuberculosis,test,135.1725414691943,34.98483980908694,223,False,False,False
tuberculosis,test,152.99241256713867,34.36776645686118,193,False,False,False
tuberculosis,test,138.60878258293837,42.379228142582114,194,False,False,False
tuberculosis,test,180.57820892333984,47.05225116077792,254,False,False,False
tuberculosis,test,126.38645935058594,75.51783139121945,255,False,False,False
tuberculosis,test,107.81278610229492,34.44549916842723,255,False,False,False
tuberculosis,test,103.76224899291992,63.88936109161841,255,False,False,False
tuberculosis,test,101.63108317057292,47.951438802376074,182,False,False,False
tuberculosis,test,129.61952209472656,52.745983933929274,255,False,False,False
tuberculosis,test,121.77075576782227,62.840897294936404,255,False,False,False
tuberculosis,test,154.443703125,47.40819271931662,246,False,False,False
tuberculosis,test,132.87865218495935,56.92555387750417,206,False,False,False
tuberculosis,test,139.58251190185547,69.37663718737124,252,False,False,False
tuberculosis,test,117.17218017578125,66.72924883534691,255,False,False,False
tuberculosis,test,136.6894434079602,55.07213216191434,232,False,False,False
tuberculosis,test,139.13232421875,74.47660603547492,255,False,False,False
tuberculosis,test,126.23883664099526,45.27732757503863,191,False,False,False
tuberculosis,test,151.52175281398104,36.2076512622843,226,False,False,False
tuberculosis,test,132.23870849609375,60.59688932842375,251,False,False,False
tuberculosis,test,75.2103385925293,87.05987245033627,255,False,False,False
tuberculosis,test,118.61554336547852,72.58656999533875,251,False,False,False
tuberculosis,test,176.58094787597656,43.76780182805986,248,False,False,False
tuberculosis,test,156.11758422851562,67.50853125972812,255,False,False,False
tuberculosis,test,142.08449935913086,63.175214175028316,255,False,False,False
tuberculosis,test,130.53684997558594,50.521901585197455,255,False,False,False
tuberculosis,test,145.21827697753906,54.568630374574866,255,False,False,False
tuberculosis,test,105.17753601074219,68.35353204588266,226,False,False,False
tuberculosis,test,184.2403678894043,53.91032222429036,246,False,False,False
tuberculosis,test,97.83819699754902,54.64099997254059,216,False,False,False
tuberculosis,test,107.24624633789062,68.13705428140284,255,False,False,False
tuberculosis,test,149.88851928710938,73.34870790742892,255,False,False,False
tuberculosis,test,87.31352233886719,66.42241727098586,247,False,False,False
tuberculosis,test,153.9509735107422,57.629845733183245,244,False,False,False
tuberculosis,test,126.41414320764463,46.70469325895267,251,False,False,False
tuberculosis,test,142.12820275473933,45.15438998652138,210,False,False,False
tuberculosis,test,120.6296615600586,50.45245626663172,239,False,False,False
tuberculosis,test,142.19925577606634,38.12446983405029,255,False,False,False
tuberculosis,test,103.72100448608398,62.96589640109013,255,False,False,False
tuberculosis,test,119.39030456542969,43.933888688688505,255,False,False,False
tuberculosis,test,143.87052408854166,40.283158131994945,255,False,False,False
tuberculosis,test,143.89617919921875,61.65238020674742,246,False,False,False
tuberculosis,test,118.46514129638672,67.41781788484903,254,False,False,False
tuberculosis,test,128.46629333496094,59.947514471428576,255,False,False,False
tuberculosis,test,126.71463012695312,62.73657751871806,246,False,False,False
tuberculosis,test,100.03028869628906,32.12473457361856,159,False,False,False
tuberculosis,test,134.24806213378906,62.3935255474577,255,False,False,False
tuberculosis,test,155.88673588267545,67.22087785396683,228,False,False,False
tuberculosis,test,129.61946460308056,50.15401433149754,255,False,False,False
tuberculosis,test,105.45573806762695,83.58019299085264,255,False,False,False
tuberculosis,test,69.63997993119266,53.47819559314506,255,True,False,False
tuberculosis,test,171.63059997558594,58.674819072847065,255,False,False,False
tuberculosis,test,135.85603165938863,50.008667866858595,222,False,False,False
tuberculosis,test,143.5902976989746,58.143977672666026,250,False,False,False
tuberculosis,test,102.56267929077148,71.52561646833021,249,False,False,False
tuberculosis,test,146.29389440165878,53.689439014712754,232,False,False,False
tuberculosis,test,122.42720031738281,33.71445716723333,255,False,False,False
tuberculosis,test,124.41499328613281,68.90039357903127,251,False,False,False
tuberculosis,test,96.16233825683594,71.76108259501682,255,False,False,False
tuberculosis,test,123.27493667602539,68.07409253950331,253,False,False,False
tuberculosis,test,100.80995178222656,61.25667550584537,235,False,False,False
tuberculosis,test,116.122802734375,65.70986487284516,233,False,False,False
tuberculosis,test,115.86554718017578,62.23060449994439,255,False,False,False
tuberculosis,test,114.74873352050781,77.91063631821282,255,False,False,False
tuberculosis,test,128.89671325683594,64.59123742307314,255,False,False,False
tuberculosis,test,170.4678428613744,24.367475955894353,213,False,False,False
tuberculosis,test,132.449796875,44.546621767494784,238,False,False,False
tuberculosis,test,188.47969436645508,48.80806376611117,255,False,False,False
tuberculosis,test,166.34532165527344,46.58104608261485,237,False,False,False
tuberculosis,test,121.09678290142277,56.55730154942609,239,False,False,False
tuberculosis,test,149.0259552001953,50.89876439634516,233,False,False,False
tuberculosis,test,114.71639251708984,69.00206081569395,255,False,False,False
tuberculosis,test,141.59042358398438,73.94026517105341,255,False,False,False
tuberculosis,test,114.72167104535399,49.54370665800516,174,False,False,False
tuberculosis,test,136.917236328125,68.10151680195071,252,False,False,False
tuberculosis,test,139.56039428710938,76.68203628433275,254,False,False,False
tuberculosis,test,171.22230529785156,65.52290400781426,255,False,False,False
tuberculosis,test,110.42213821411133,53.49981649360517,255,False,False,False
tuberculosis,test,142.72247314453125,46.26631138239123,255,False,False,False
tuberculosis,test,121.01192239336493,42.042478343054476,185,False,False,False
tuberculosis,test,164.38418246445497,35.09313771487579,208,False,False,False
tuberculosis,test,141.7057342529297,76.339463286445,255,False,False,False
tuberculosis,test,88.90254878997803,58.76218384512317,255,False,False,False
tuberculosis,test,127.00775527954102,61.1742372015047,248,False,False,False
tuberculosis,test,132.66028594970703,63.90252710831456,255,False,False,False
tuberculosis,test,135.7272491455078,39.32212036579658,255,False,False,False
tuberculosis,test,134.01869419642858,70.89796986793321,255,False,False,False
tuberculosis,test,102.72741448045268,54.003489787209965,228,False,False,False
tuberculosis,test,157.0303077697754,32.50110402534187,229,False,False,False
tuberculosis,test,112.98538896276595,41.448022868195835,222,False,False,False
tuberculosis,test,116.17523193359375,47.31194134949157,255,False,False,False
tuberculosis,test,161.43346415876778,37.070581133835965,231,False,False,False
tuberculosis,test,157.32920837402344,44.65541392232315,220,False,False,False
tuberculosis,test,136.43623565821255,53.12183290863074,237,False,False,False
tuberculosis,test,154.23152923583984,48.88971972709806,255,False,False,False
tuberculosis,test,148.04038619995117,35.823623683566645,235,False,False,False
tuberculosis,test,132.11734008789062,43.96992464510215,255,False,False,False
tuberculosis,test,177.95741271972656,28.086925220294138,157,False,False,False
tuberculosis,test,149.01974487304688,41.06085544587591,244,False,False,False
tuberculosis,test,109.51646423339844,72.13181744597787,242,False,False,False
tuberculosis,test,149.5343780517578,53.99465697611122,255,False,False,False
tuberculosis,test,134.61713196090048,52.56896193360414,228,False,False,False
tuberculosis,test,85.73098850250244,55.17600518920434,255,False,False,False
tuberculosis,test,128.9436912536621,72.02439519611971,250,False,False,False
tuberculosis,test,162.84300231933594,57.40786302665644,254,False,False,False
tuberculosis,test,171.99840927124023,60.20976567494625,252,False,False,False
tuberculosis,test,122.68295338114754,50.146426411573046,249,False,False,False
tuberculosis,test,121.75373458862305,53.618566125988245,250,False,False,False
tuberculosis,test,108.65315246582031,43.923944858772536,199,False,False,False
tuberculosis,test,146.95489501953125,44.08474211966691,245,False,False,False
tuberculosis,test,123.16511535644531,50.05192010825917,255,False,False,False
tuberculosis,test,115.1716423034668,68.43640648525263,255,False,False,False
tuberculosis,test,153.43568572274881,41.38760631023258,208,False,False,False
tuberculosis,test,116.33430480957031,57.10361161655758,255,False,False,False
tuberculosis,test,140.63375854492188,47.416460878223646,221,False,False,False
tuberculosis,test,156.07147054756638,67.7922196374424,250,False,False,False
tuberculosis,test,171.00667475728156,79.8145517297833,255,False,False,False
tuberculosis,test,153.50244140625,48.429420887680436,214,False,False,False
tuberculosis,test,117.9392141350211,70.92199509238672,254,False,False,False
tuberculosis,test,156.50070190429688,46.0665104178262,188,False,False,False
tuberculosis,test,106.5408935546875,67.70977556491147,255,False,False,False
tuberculosis,test,172.04725646972656,49.22468925702903,252,False,False,False
tuberculosis,test,109.2957649230957,68.89117323328978,254,False,False,False
tuberculosis,test,108.57183456420898,67.80238122734421,255,False,False,False
tuberculosis,test,148.61765032582937,31.472268884786214,213,False,False,False
tuberculosis,test,124.76098251342773,63.601072264015855,250,False,False,False
tuberculosis,test,121.60191156914894,53.725770018046966,255,False,False,False
tuberculosis,test,178.52228546142578,62.14548545541396,255,False,False,False
tuberculosis,test,129.42570877075195,68.33897623040241,253,False,False,False
tuberculosis,test,140.340306122449,70.63108454308782,251,False,False,False
tuberculosis,test,81.71453857421875,72.4191639879832,223,False,False,False
tuberculosis,test,159.7550277709961,31.13548723349569,196,False,False,False
tuberculosis,test,111.66191864013672,50.990131814752274,255,False,False,False
tuberculosis,test,129.95328521728516,58.47313692667328,255,False,False,False
tuberculosis,test,186.57740299170615,20.022735142337385,161,False,False,False
tuberculosis,test,157.28146362304688,44.27353919231742,204,False,False,False
tuberculosis,test,101.82174682617188,64.91072168015421,247,False,False,False
tuberculosis,test,156.3873291015625,54.23511888710426,224,False,False,False
tuberculosis,test,154.8215103149414,56.38889009567724,245,False,False,False
tuberculosis,test,126.52738952636719,60.86056802873797,233,False,False,False
tuberculosis,test,101.69714546203613,60.75442264059176,255,False,False,False
tuberculosis,test,166.85785693127963,27.727497916818272,183,False,False,False
tuberculosis,test,143.77753507653063,60.44144721863744,231,False,False,False
tuberculosis,test,121.6390513921801,39.00724636874467,255,False,False,False
tuberculosis,test,161.83766174316406,37.95866713698908,159,False,False,False
tuberculosis,test,158.1904296875,43.104538892733935,227,False,False,False
tuberculosis,test,110.36447525024414,65.16860630212258,255,False,False,False
tuberculosis,test,81.9247055053711,57.65154060089426,255,False,False,False
tuberculosis,test,111.37630081176758,73.00404354044015,255,False,False,False
tuberculosis,test,151.48211669921875,62.47426106245562,253,False,False,False
tuberculosis,test,158.34718704223633,55.04027755717656,255,False,False,False
tuberculosis,test,145.98591995239258,75.88998488919655,239,False,False,False
tuberculosis,test,114.82272338867188,36.716710673158026,250,False,False,False
tuberculosis,test,88.76515920141487,59.504097719414794,255,False,False,False
tuberculosis,test,157.17483520507812,60.818518501035776,255,False,False,False
tuberculosis,test,119.9447021484375,60.57192042484911,223,False,False,False
tuberculosis,test,102.54006958007812,93.17196218942468,255,False,False,False
tuberculosis,test,119.01776123046875,42.11926381269802,255,False,False,False
tuberculosis,test,151.69447326660156,48.49792939132797,255,False,False,False
tuberculosis,test,114.23041152954102,68.4478975917266,255,False,False,False
tuberculosis,test,168.81806564331055,42.02058732614691,214,False,False,False
tuberculosis,test,121.07263565063477,50.373175498335755,255,False,False,False
tuberculosis,test,139.9664173578199,41.84928719152062,255,False,False,False
tuberculosis,test,147.06218338012695,66.63402478639809,253,False,False,False
tuberculosis,test,95.24409484863281,85.87900550215886,255,False,False,False
tuberculosis,test,142.3070526123047,47.6769873842917,255,False,False,False
tuberculosis,test,153.01901245117188,43.69502096386452,167,False,False,False
tuberculosis,test,150.33987045288086,66.15969296907683,252,False,False,False
tuberculosis,test,108.2827495556872,45.1405549471994,184,False,False,False
tuberculosis,test,153.99280548095703,48.07637426605661,255,False,False,False
tuberculosis,test,158.3415069580078,65.66000528122015,255,False,False,False
tuberculosis,test,125.34030151367188,47.82953663928615,193,False,False,False
tuberculosis,test,115.09303283691406,56.78171325780723,248,False,False,False
tuberculosis,test,120.42149390243902,61.79346118257762,251,False,False,False
tuberculosis,test,165.45199584960938,66.53587887583119,255,False,False,False
tuberculosis,test,163.30780029296875,55.05209935487531,252,False,False,False
tuberculosis,test,85.9742956161499,56.09316715534632,255,False,False,False
tuberculosis,test,118.19889831542969,64.80533016328913,255,False,False,False
tuberculosis,test,164.55205535888672,54.350965345404894,250,False,False,False
tuberculosis,test,73.1826400756836,64.66173719522781,255,False,False,False
tuberculosis,test,130.528046189693,70.73830547861466,231,False,False,False
tuberculosis,test,117.06237030029297,68.17880913208856,251,False,False,False
tuberculosis,test,147.5268783569336,55.949243725363786,255,False,False,False
tuberculosis,test,173.5447841026971,38.412159625457335,189,False,False,False
tuberculosis,test,120.04106521606445,75.88606131134652,255,False,False,False
normal,test,118.08150863647461,73.85912753811505,252,False,False,False
normal,test,119.21639156341553,71.36430757875739,255,False,False,False
normal,test,113.01577377319336,74.96941473771858,249,False,False,False
normal,test,123.54987239837646,55.701411605724616,255,False,False,False
normal,test,138.4988339640269,61.85355504674708,255,False,False,False
normal,test,112.69226837158203,61.66854067044724,252,False,False,False
normal,test,121.55919933319092,45.85435523562423,255,False,False,False
normal,test,132.02921390533447,65.32133597943134,255,False,False,False
normal,test,108.3279800415039,54.22746990102925,255,False,False,False
normal,test,110.81139850616455,67.69545142335909,255,False,False,False
normal,test,116.48416805267334,73.5054884384288,255,False,False,False
normal,test,142.61778259277344,46.69900993198921,255,False,False,False
normal,test,141.98498439788818,73.87012340747683,255,False,False,False
normal,test,115.58153995931366,62.922112409016464,255,False,False,False
normal,test,129.2435007095337,68.9960978566112,255,False,False,False
normal,test,145.89873123168945,51.38358343284828,255,False,False,False
normal,test,120.12319946289062,73.53295640047993,255,False,False,False
normal,test,107.64142799377441,70.111536773628,255,False,False,False
normal,test,157.28522491455078,61.563038152153524,249,False,False,False
normal,test,115.22513580322266,71.90127685365896,255,False,False,False
normal,test,124.92320251464844,47.367983010547874,255,False,False,False
normal,test,111.62015342712402,60.80105763781061,255,False,False,False
normal,test,123.78598022460938,53.803675926389936,255,False,False,False
normal,test,148.41989517211914,61.98355663973738,255,False,False,False
normal,test,171.7165641784668,52.81515873409331,254,False,False,False
normal,test,127.12536239624023,68.24619618573331,255,False,False,False
normal,test,118.79568862915039,68.51879993176387,253,False,False,False
normal,test,92.65738105773926,74.83261345394752,255,False,False,False
normal,test,125.41465759277344,50.772195508868,255,False,False,False
normal,test,147.76332187652588,64.62894434600989,254,False,False,False
normal,test,155.99365615844727,55.42495157002053,254,False,False,False
normal,test,166.8873634338379,45.01102266650012,250,False,False,False
normal,test,118.72620488823185,64.55568466510846,255,False,False,False
normal,test,109.61909103393555,37.07664223000393,241,False,False,False
normal,test,134.75200653076172,72.54368506261805,252,False,False,False
normal,test,122.42929744720459,45.67202755970591,255,False,False,False
normal,test,123.04541012470116,57.51187616612484,255,False,False,False
normal,test,150.30825996398926,73.7112767207718,255,False,False,False
normal,test,119.72046661376953,77.39855339345858,255,False,False,False
normal,test,129.43513870239258,68.30329086517041,253,False,False,False
normal,test,135.19077682495117,69.20379838331773,251,False,False,False
normal,test,122.2785758972168,69.46157920541374,255,False,False,False
normal,test,182.00170516967773,44.16271459850877,254,False,False,False
normal,test,153.9289894104004,63.31381549994794,251,False,False,False
normal,test,115.48426087774637,66.86048047208386,255,False,False,False
normal,test,172.9833221435547,47.17460361447249,255,False,False,False
normal,test,169.77315711975098,53.90150704744188,255,False,False,False
normal,test,108.08644485473633,70.84474470380077,255,False,False,False
normal,test,129.8704710006714,61.44129929183378,255,False,False,False
normal,test,122.36213493347168,64.57092543295684,255,False,False,False
normal,test,114.04663181304932,53.3212794923998,255,False,False,False
normal,test,133.9205318331306,57.77840947433212,255,False,False,False
normal,test,116.61604996061385,64.90608337060897,255,False,False,False
normal,test,159.79306030273438,47.31646631001902,255,False,False,False
normal,test,135.82777786254883,61.85117782196493,255,False,False,False
normal,test,123.19819641113281,73.36231124594342,253,False,False,False
normal,test,119.12533569335938,68.90612621257733,253,False,False,False
normal,test,146.76745510101318,62.14052611145243,255,False,False,False
normal,test,124.14298152923584,63.267984616804334,255,False,False,False
normal,test,127.20203399658203,70.91389358567223,255,False,False,False
normal,test,169.06917190551758,60.49735128754911,254,False,False,False
normal,test,113.0165958404541,71.75950990981039,255,False,False,False
normal,test,140.4973932096319,55.40157926463571,255,False,False,False
normal,test,91.07292175292969,70.3490760994095,255,False,False,False
normal,test,125.61868000030518,71.15662441811784,255,False,False,False
normal,test,112.20629501342773,66.2114542053253,255,False,False,False
normal,test,130.15532684326172,61.07368991121564,255,False,False,False
normal,test,131.6735963821411,62.068972465587095,255,False,False,False
normal,test,125.51666736602783,68.93702568039349,255,False,False,False
normal,test,132.99726486206055,46.48292322439591,255,False,False,False
normal,test,125.20269775390625,73.78686257670488,252,False,False,False
normal,test,148.97754573822021,72.05809931499587,255,False,False,False
normal,test,104.9132776260376,74.80519749655903,255,False,False,False
normal,test,120.23273372650146,61.81197597558576,255,False,False,False
normal,test,101.14036178588867,74.00942660908365,255,False,False,False
normal,test,140.28868007659912,68.94796062573,255,False,False,False
normal,test,64.27498435974121,82.86949281222068,255,True,False,False
normal,test,153.6472586908284,49.37867867778221,255,False,False,False
normal,test,112.93620872497559,69.39194429377595,255,False,False,False
normal,test,134.30360507965088,64.57875669831412,255,False,False,False
normal,test,102.10531616210938,42.4384006154739,213,False,False,False
normal,test,117.25159740447998,64.65332137324668,255,False,False,False
normal,test,119.14787292480469,50.34358329357742,255,False,False,False
normal,test,113.00176239013672,68.6032833677612,255,False,False,False
normal,test,140.70900344848633,55.40583259472836,243,False,False,False
normal,test,104.00128841400146,67.3180708657075,255,False,False,False
normal,test,124.49545192718506,66.80793374276006,255,False,False,False
normal,test,118.18195247650146,71.09254071629556,255,False,False,False
normal,test,175.5062484741211,55.32817608145525,253,False,False,False
normal,test,167.1324005126953,48.256375406213934,247,False,False,False
normal,test,98.9794692993164,46.06479341980356,217,False,False,False
normal,test,108.04154205322266,62.993881749174506,255,False,False,False
normal,test,139.9817352294922,55.968547044899275,255,False,False,False
normal,test,123.30409240722656,46.34725586874319,255,False,False,False
normal,test,113.39535556174731,60.90590575915596,255,False,False,False
normal,test,121.91096878051758,67.83592724008628,255,False,False,False
normal,test,117.4631597998552,60.11528154570002,255,False,False,False
normal,test,93.7232141494751,63.4315946426659,255,False,False,False
normal,test,139.6881628036499,83.70960147684394,255,False,False,False
normal,test,107.54562759399414,46.171213615763044,255,False,False,False
normal,test,110.1806697845459,70.3304031490041,255,False,False,False
normal,test,113.91220474243164,70.5911063606918,254,False,False,False
normal,test,94.76814842224121,61.9050854810577,255,False,False,False
normal,test,151.43597412109375,55.71769063423763,255,False,False,False
normal,test,153.60919952392578,71.478683403306,255,False,False,False
normal,test,117.36969087557323,64.40016364724485,255,False,False,False
normal,test,113.54920482635498,73.02012995091755,255,False,False,False
normal,test,123.91823959350586,71.84104270209174,255,False,False,False
normal,test,96.3728256225586,73.71686176077712,255,False,False,False
normal,test,122.56347981139753,65.10510258612469,255,False,False,False
normal,test,107.3455810546875,58.200576791857735,255,False,False,False
normal,test,146.3858766555786,58.253023512812064,255,False,False,False
normal,test,134.23513507843018,70.39485693807285,255,False,False,False
normal,test,113.6626314360468,62.44438907767691,255,False,False,False
normal,test,123.00439929962158,70.27958066394292,255,False,False,False
normal,test,123.75004196166992,68.5874671369915,251,False,False,False
normal,test,179.4611701965332,45.68688399796629,250,False,False,False
normal,test,135.3146514892578,63.66823951608842,254,False,False,False
normal,test,92.3420581817627,84.69924877144214,255,False,False,False
normal,test,154.1559600830078,59.472887729433495,255,False,False,False
normal,test,142.41382598876953,61.560751250675956,255,False,False,False
normal,test,176.6400260925293,51.22333194004079,254,False,False,False
normal,test,157.36815929412842,61.93943370708043,255,False,False,False
normal,test,113.23984336853027,64.30459779606836,255,False,False,False
normal,test,123.27493667602539,68.07409253950331,253,False,False,False
normal,test,163.96653652191162,63.058656761026,255,False,False,False
normal,test,111.74555206298828,69.75240619333884,255,False,False,False
normal,test,164.64473342895508,51.536584643242605,249,False,False,False
normal,test,110.95927290866315,60.80249713883174,255,False,False,False
normal,test,149.6723928381958,70.29769996663671,255,False,False,False
normal,test,135.0154037475586,65.28104576417572,255,False,False,False
normal,test,146.1942901611328,53.332906179790264,255,False,False,False
normal,test,124.85715103149414,65.86183233915436,254,False,False,False
normal,test,114.14784240722656,72.32302856869457,255,False,False,False
normal,test,109.66046524047852,71.21182749026168,244,False,False,False
normal,test,144.08975219726562,56.37247220516058,255,False,False,False
normal,test,162.5376205444336,55.12325531449587,251,False,False,False
normal,test,105.77439975738525,67.73738444668994,255,False,False,False
normal,test,123.0391263961792,52.786717926177054,255,False,False,False
normal,test,130.49408380587474,63.47499391167242,255,False,False,False
normal,test,118.25615129406113,56.94522497735206,255,False,False,False
normal,test,126.2185697555542,64.18081615124487,255,False,False,False
normal,test,148.07722854614258,75.61477293130348,254,False,False,False
normal,test,132.43026733398438,70.2121373371965,247,False,False,False
normal,test,135.7436045226532,62.743357301095145,255,False,False,False
normal,test,106.94544696807861,37.050818088613035,254,False,False,False
normal,test,120.09587478637695,64.00484714567564,251,False,False,False
normal,test,113.60118208404499,52.323617917381775,255,False,False,False
normal,test,123.6906509399414,66.53282736732369,244,False,False,False
normal,test,121.11698532104492,65.24917758149039,255,False,False,False
normal,test,113.93761825561523,74.24533690304612,250,False,False,False
normal,test,155.970947265625,59.17010670223982,246,False,False,False
normal,test,131.81775283813477,71.61586257521212,255,False,False,False
normal,test,175.98730850219727,38.86749139992818,254,False,False,False
normal,test,125.10899210121336,66.8496318978628,255,False,False,False
normal,test,109.99710858152966,60.283794445303826,255,False,False,False
normal,test,135.31975841522217,71.28290474583525,255,False,False,False
normal,test,136.66748046875,66.9103365491551,255,False,False,False
normal,test,118.72044944763184,67.42297064886408,255,False,False,False
normal,test,103.73471164703369,58.825086314331465,255,False,False,False
normal,test,123.8331184387207,66.48420758508462,251,False,False,False
normal,test,139.2623748779297,55.368139590503404,255,False,False,False
normal,test,115.43448257446289,53.3354497435737,244,False,False,False
normal,test,145.4427541179994,61.30659486842769,255,False,False,False
normal,test,122.84656429290771,69.20794201298945,255,False,False,False
normal,test,137.0738110479294,55.26395599033958,255,False,False,False
normal,test,158.57830810546875,49.63217274564855,255,False,False,False
normal,test,114.34291076660156,72.84557556104501,255,False,False,False
normal,test,107.1853494644165,63.55073513334797,255,False,False,False
normal,test,107.91730753898895,51.888957985973946,255,False,False,False
normal,test,94.72727966308594,62.8894843579134,255,False,False,False
normal,test,102.78008221640334,53.83516547545276,255,False,False,False
normal,test,153.64674472808838,42.72112825046396,252,False,False,False
normal,test,118.1323070526123,69.34749589037328,255,False,False,False
normal,test,111.82038116455078,67.1964372793869,255,False,False,False
normal,test,110.79120063781738,76.43087695601056,255,False,False,False
normal,test,130.1459584224224,62.77654801308241,255,False,False,False
normal,test,125.85765788395628,61.207406714737715,255,False,False,False
normal,test,116.59319686889648,67.13688800491764,255,False,False,False
normal,test,123.06324768066406,52.53087548583716,255,False,False,False
normal,test,121.75529479980469,49.34530676429977,255,False,False,False
normal,test,104.67526626586914,62.865071338014914,255,False,False,False
normal,test,130.31717681884766,67.46901500390044,253,False,False,False
normal,test,119.51226474973805,53.45333367310204,255,False,False,False
normal,test,113.79788732414846,70.5933688218363,255,False,False,False
normal,test,106.80036544799805,65.97089482682824,255,False,False,False
normal,test,142.7659330368042,59.37473727765835,255,False,False,False
normal,test,131.37972858253005,61.93610715168147,255,False,False,False
normal,test,109.80994415283203,52.65152537852633,231,False,False,False
normal,test,119.80780029296875,65.8955052062867,255,False,False,False
normal,test,116.26127624511719,68.08871789168097,253,False,False,False
normal,test,93.42496490478516,63.57816107687243,255,False,False,False
normal,test,111.68873500823975,69.89147271065463,255,False,False,False
normal,test,162.84916305541992,62.20412672147434,250,False,False,False
normal,test,132.05200442924476,61.51754422405679,255,False,False,False
normal,test,105.9864616394043,69.11175804719252,255,False,False,False
normal,test,120.7035140991211,56.689004746383425,255,False,False,False
normal,test,126.10169982910156,48.14941312891995,255,False,False,False
normal,test,146.2156219482422,49.18181782553555,255,False,False,False
normal,test,112.65170890490583,60.171062762208905,255,False,False,False
pneumonia,test,114.70758063586526,63.24095061218736,255,False,False,False
pneumonia,test,110.1457560296846,52.8728493354974,255,False,False,False
pneumonia,test,124.72756744541789,64.98511926794274,255,False,False,False
pneumonia,test,126.39424949536026,64.28619128220603,255,False,False,False
pneumonia,test,113.02073724129704,63.48336109620785,255,False,False,False
pneumonia,test,122.8920112555676,68.59778788218313,255,False,False,False
pneumonia,test,136.8656807744616,57.86022275664197,255,False,False,False
pneumonia,test,124.74858165922619,64.44472645361368,255,False,False,False
pneumonia,test,95.59715244068411,64.24261275126878,255,False,False,False
pneumonia,test,121.22082005092426,62.2859725349717,255,False,False,False
pneumonia,test,103.59126294492148,59.30333584691939,255,False,False,False
pneumonia,test,119.81049285044539,66.7205535386782,255,False,False,False
pneumonia,test,118.56728395061728,64.57634119980034,255,False,False,False
pneumonia,test,122.34795480692277,71.37962970708946,255,False,False,False
pneumonia,test,128.69037594112874,63.91953235762299,255,False,False,False
pneumonia,test,142.38288876864985,63.32580928109528,255,False,False,False
pneumonia,test,128.8937820363467,57.81783477165214,255,False,False,False
pneumonia,test,105.24810991567315,51.97973467717761,255,False,False,False
pneumonia,test,121.18886772260274,60.60305769949137,255,False,False,False
pneumonia,test,111.24510782555379,60.86559180505659,255,False,False,False
pneumonia,test,147.0679381476719,33.62482040651182,219,False,False,False
pneumonia,test,127.96036090285199,56.15795449292506,255,False,False,False
pneumonia,test,153.6472586908284,49.37867867778221,255,False,False,False
pneumonia,test,136.727282054126,66.83519668754866,255,False,False,False
pneumonia,test,131.04722720286884,74.73583133331192,255,False,False,False
pneumonia,test,115.63795377208494,62.52109214165345,255,False,False,False
pneumonia,test,106.04596090264938,63.89473623189796,255,False,False,False
pneumonia,test,167.16809969066367,28.133993519246747,195,False,False,False
pneumonia,test,154.91196899806909,45.34109705647643,255,False,False,False
pneumonia,test,142.1998787878788,56.770122387968335,215,False,False,False
pneumonia,test,118.0601524698614,64.33584606876498,255,False,False,False
pneumonia,test,109.4123522652303,47.6454017664772,255,False,False,False
pneumonia,test,119.34699838254811,54.75297151623897,255,False,False,False
pneumonia,test,104.67905885126328,57.950355835978655,255,False,False,False
pneumonia,test,120.88905982257604,57.9131116608528,255,False,False,False
pneumonia,test,122.92070373503384,54.0212019274293,255,False,False,False
pneumonia,test,145.08706693509126,38.047320515083385,214,False,False,False
pneumonia,test,124.91255123024787,34.598720589747664,195,False,False,False
pneumonia,test,170.55545264724952,48.89195722746261,255,False,False,False
pneumonia,test,133.5821021701568,47.318842962884204,255,False,False,False
pneumonia,test,111.97578859988931,37.768454745248214,181,False,False,False
pneumonia,test,122.87293791930888,53.70270456672295,255,False,False,False
pneumonia,test,131.59049255923713,64.0368880677736,255,False,False,False
pneumonia,test,125.74698522340032,52.317732204479945,255,False,False,False
pneumonia,test,105.96434496567505,47.771694053550036,255,False,False,False
pneumonia,test,124.80737778746966,52.14685225641104,255,False,False,False
pneumonia,test,118.32693414576056,53.25732327963535,255,False,False,False
pneumonia,test,99.47382836372223,55.50755824345319,255,False,False,False
pneumonia,test,131.2302959600051,64.69514071696082,255,False,False,False
pneumonia,test,102.48369260918253,56.39205002904277,255,False,False,False
pneumonia,test,109.31928066037736,46.49405419455756,255,False,False,False
pneumonia,test,139.30549675993217,70.38659807990705,255,False,False,False
pneumonia,test,107.11759298004559,57.88101456597771,255,False,False,False
pneumonia,test,136.30580377470176,72.72892449116875,255,False,False,False
pneumonia,test,99.21954399526014,47.06131388484915,255,False,False,False
pneumonia,test,122.59178930964626,68.62942550646576,255,False,False,False
pneumonia,test,125.64584870092615,52.676679657961095,255,False,False,False
pneumonia,test,143.21231396289608,50.79642501218055,255,False,False,False
pneumonia,test,131.81885565052232,60.57857600506873,255,False,False,False
pneumonia,test,124.02101695365646,67.87196279416213,255,False,False,False
pneumonia,test,146.01432658686545,56.12006306082989,255,False,False,False
pneumonia,test,117.66695172584743,63.48439006911467,255,False,False,False
pneumonia,test,136.76645267402378,61.759657460037495,255,False,False,False
pneumonia,test,108.9418875804489,64.08361173861364,255,False,False,False
pneumonia,test,167.07120370123286,41.52118532352738,255,False,False,False
pneumonia,test,141.66665367062842,77.81561993068479,255,False,False,False
pneumonia,test,128.0699554258304,56.65074448830799,255,False,False,False
pneumonia,test,105.30440424195285,73.1608322649142,255,False,False,False
pneumonia,test,103.75445156695157,35.83240210359648,255,False,False,False
pneumonia,test,135.9311215269047,69.21458479665989,255,False,False,False
pneumonia,test,90.49923946565235,52.28536668510351,255,False,False,False
pneumonia,test,109.45315001385383,50.72844603568148,255,False,False,False
pneumonia,test,142.2958010444744,68.54695783445007,255,False,False,False
pneumonia,test,124.61375899280576,59.51004952730988,255,False,False,False
pneumonia,test,141.07706705729166,72.67353685568447,255,False,False,False
pneumonia,test,130.2763257348765,67.36159643370118,255,False,False,False
pneumonia,test,124.93351344325609,51.8540330225943,255,False,False,False
pneumonia,test,125.14685361945362,62.729386990268544,255,False,False,False
pneumonia,test,122.79969404506454,66.10578856955478,255,False,False,False
pneumonia,test,123.57306842573986,66.58623175005026,255,False,False,False
pneumonia,test,134.62973263593884,57.07974076506312,255,False,False,False
pneumonia,test,128.20935114771578,53.07531370742544,255,False,False,False
pneumonia,test,136.76646931714757,64.63839678448451,255,False,False,False
pneumonia,test,138.676927742816,30.15229199659328,165,False,False,False
pneumonia,test,107.49668244105493,50.384369974404486,255,False,False,False
pneumonia,test,159.73353954603954,48.13999511853794,255,False,False,False
pneumonia,test,113.13498235317445,68.0890001684508,255,False,False,False
pneumonia,test,118.33574275616174,57.37525134858639,255,False,False,False
pneumonia,test,112.00172798216276,50.969619908609076,255,False,False,False
pneumonia,test,122.01498758106891,63.76596513224612,255,False,False,False
pneumonia,test,114.99640414167916,58.58176709098007,255,False,False,False
pneumonia,test,94.15757605359052,54.319403081834615,255,False,False,False
pneumonia,test,120.79290469669226,66.06306448968735,255,False,False,False
pneumonia,test,132.98858376880113,64.98489957179372,255,False,False,False
pneumonia,test,135.83182490018427,35.26232927683014,255,False,False,False
pneumonia,test,137.39055390298662,61.30545544841394,255,False,False,False
pneumonia,test,131.07298585527042,61.53098495089932,255,False,False,False
pneumonia,test,122.85014180847514,51.501105402282505,255,False,False,False
pneumonia,test,138.67658231276226,69.16435105597502,255,False,False,False
pneumonia,test,118.22804570194076,57.24652929807686,255,False,False,False
pneumonia,test,133.7492384480453,63.079681893664606,255,False,False,False
pneumonia,test,159.3230666800622,69.43660046290275,255,False,False,False
pneumonia,test,136.8694173244703,76.67636743149572,255,False,False,False
pneumonia,test,106.63559210526316,52.93283265304935,255,False,False,False
pneumonia,test,138.16913187966418,50.02587775238952,255,False,False,False
pneumonia,test,123.74908502252252,47.62221772322538,255,False,False,False
pneumonia,test,157.3827184128089,73.88633144300546,255,False,False,False
pneumonia,test,121.10645746973672,80.00079015558227,255,False,False,False
pneumonia,test,121.89657617504052,57.610558488069216,255,False,False,False
pneumonia,test,162.33708217426417,63.7162745543363,255,False,False,False
pneumonia,test,133.21472722787175,58.79527742919967,255,False,False,False
pneumonia,test,159.52736829870463,50.31056210517247,255,False,False,False
pneumonia,test,103.64368272994129,54.96413235271645,255,False,False,False
pneumonia,test,115.82487700460202,65.32214137882842,255,False,False,False
pneumonia,test,118.88253393059111,51.02638147501865,255,False,False,False
pneumonia,test,98.56496006944444,44.018314476545385,255,False,False,False
pneumonia,test,140.82894575872803,57.293828028350354,255,False,False,False
pneumonia,test,118.57742690299604,61.13658789879052,255,False,False,False
pneumonia,test,116.2096503723977,67.20630638207835,255,False,False,False
pneumonia,test,97.8109071860109,40.3163675849883,255,False,False,False
pneumonia,test,110.11948567700236,62.87361933573983,255,False,False,False
pneumonia,test,109.24884364544627,52.356463902020614,255,False,False,False
pneumonia,test,92.89794964460143,50.13729170614793,255,False,False,False
pneumonia,test,116.79364085280845,58.5652985443838,255,False,False,False
pneumonia,test,101.43945348017822,49.89673035953287,255,False,False,False
pneumonia,test,163.74237444196427,60.404322339155925,255,False,False,False
pneumonia,test,146.246137104606,62.597278129132995,255,False,False,False
pneumonia,test,142.4453967808497,60.66903275442038,255,False,False,False
pneumonia,test,112.77911912863624,59.919117899334374,255,False,False,False
pneumonia,test,120.03912353987778,49.2468141736689,255,False,False,False
pneumonia,test,121.14419372839862,48.31663241374866,255,False,False,False
pneumonia,test,139.92030764751553,60.11642748194625,255,False,False,False
pneumonia,test,138.03731224423362,68.43076318343725,255,False,False,False
pneumonia,test,106.89974051416525,68.29739397382558,255,False,False,False
pneumonia,test,98.80430449259991,72.91214688649241,255,False,False,False
pneumonia,test,122.48982716686321,47.01866725516733,255,False,False,False
pneumonia,test,121.76562581050939,51.858853806143856,255,False,False,False
pneumonia,test,91.64774746758783,74.39318983127318,255,False,False,False
pneumonia,test,122.75576210474308,72.49861908761315,255,False,False,False
pneumonia,test,117.4703276148371,75.51349711380249,255,False,False,False
pneumonia,test,102.35032894736842,58.35667948549485,255,False,False,False
pneumonia,test,151.89673692267132,70.02471690110133,255,False,False,False
pneumonia,test,104.70452834491203,55.42183175675702,255,False,False,False
pneumonia,test,132.66998325892857,72.27545829391678,255,False,False,False
pneumonia,test,117.02745444900393,56.42917448576324,255,False,False,False
pneumonia,test,109.67591511850338,63.95637825507882,255,False,False,False
pneumonia,test,119.06963809431858,58.124674089366444,255,False,False,False
pneumonia,test,142.55825727042833,59.081043041344834,255,False,False,False
pneumonia,test,119.15426858628659,62.48392628308107,255,False,False,False
pneumonia,test,118.71160235376962,65.03278666970596,255,False,False,False
pneumonia,test,122.02636187260633,44.99798805914956,255,False,False,False
pneumonia,test,97.89847424591002,52.21950455252749,255,False,False,False
pneumonia,test,86.6605111070977,71.44130657781334,255,False,False,False
pneumonia,test,123.45279375996118,69.26868292279197,255,False,False,False
pneumonia,test,124.30311243993447,68.8716656391364,255,False,False,False
pneumonia,test,113.6602921686747,72.45981274504626,255,False,False,False
pneumonia,test,128.32831308974536,57.878638778153885,255,False,False,False
pneumonia,test,121.96835963045478,64.08068264968172,255,False,False,False
pneumonia,test,135.05093791212502,63.871269840580844,255,False,False,False
pneumonia,test,141.9780112044818,58.63368258884859,255,False,False,False
pneumonia,test,152.3339737341096,41.62460707635546,217,False,False,False
pneumonia,test,122.8344406548987,65.72675652925126,255,False,False,False
pneumonia,test,111.26353157690818,59.44874149734249,255,False,False,False
pneumonia,test,118.592327669235,50.44879144122261,255,False,False,False
pneumonia,test,134.6127613554434,43.283379436470604,206,False,False,False
pneumonia,test,99.62208426440242,57.17450006714219,255,False,False,False
pneumonia,test,131.1775265105504,62.66072147991845,255,False,False,False
pneumonia,test,127.59026163292552,61.40925226962624,255,False,False,False
pneumonia,test,168.8180784574468,64.30384215055608,255,False,False,False
pneumonia,test,125.96561735110966,64.30489500750957,255,False,False,False
pneumonia,test,82.5321086758983,49.41014111602063,255,False,False,False
pneumonia,test,102.03817501099815,66.90409322014482,255,False,False,False
pneumonia,test,115.51267071871368,44.691569917473856,255,False,False,False
pneumonia,test,127.3662488482801,54.01528944729778,255,False,False,False
pneumonia,test,109.55223755215856,46.951170040082125,255,False,False,False
pneumonia,test,133.97269770002123,51.73416281011689,255,False,False,False
pneumonia,test,142.4129454491058,54.88456683144602,255,False,False,False
pneumonia,test,122.1397256621947,59.24062224379945,255,False,False,False
pneumonia,test,143.0990377337454,70.09733462169847,255,False,False,False
pneumonia,test,129.09622054752904,61.79060121550491,255,False,False,False
pneumonia,test,109.16197530148423,59.26553411560961,255,False,False,False
pneumonia,test,166.93918141337033,51.198174875739525,255,False,False,False
pneumonia,test,118.58763370051085,56.888168600070586,255,False,False,False
pneumonia,test,184.17222060459162,68.60800539521894,255,False,False,False
pneumonia,test,122.0741081154684,69.22923724313594,255,False,False,False
pneumonia,test,87.61207170362415,57.53257249719396,255,False,False,False
pneumonia,test,138.13131668977573,64.14433356668806,255,False,False,False
pneumonia,test,114.39791637035984,54.68044767456691,255,False,False,False
pneumonia,test,115.34868082629413,51.54413460962316,255,False,False,False
pneumonia,test,139.0764413675683,38.126385627938205,255,False,False,False
pneumonia,test,126.09820457559681,60.09977125083294,255,False,False,False
pneumonia,test,142.5071075834995,66.35398555505039,255,False,False,False
pneumonia,test,135.62496743283927,52.85940244929916,255,False,False,False
pneumonia,test,157.47014388302296,44.42099571715722,255,False,False,False
pneumonia,test,108.99909037406312,61.646269839075266,255,False,False,False
pneumonia,test,87.26609065827216,60.21578622673045,255,False,False,False
pneumonia,test,137.19031396625735,64.30540683892839,255,False,False,False
pneumonia,test,132.41223622095788,54.498844376892336,255,False,False,False
pneumonia,test,108.70734099465028,63.289530417926144,255,False,False,False
pneumonia,test,111.55890386964029,55.210761986792534,255,False,False,False
